imu_ax,imu_ay,kf_ax,kf_ay,kf_vx,kf_w,kf_x,kf_y,stamp,
0.015251755714416504, 0.006930351257324219, 0.010879916942857377, 9.918248183596013e-15, 0.0002483999302022233, 3.99285465801924e-11, -4.967998604044464e-05, 0.0, 1731705928829747170, 
0.033040761947631836, 0.02318209409713745, 0.022988988593488236, 3.1462254202925854e-09, 0.0009963040037068434, 3.1578969958835414e-06, -0.00016907538190182402, 3.691251697397119e-12, 1731705929034196778, 
0.01489347219467163, 0.008663952350616455, 0.018795495542699263, 8.718300069765242e-09, 0.0014629014700012013, 5.95959485211132e-06, -0.00022940512585163352, 2.486592282781497e-11, 1731705929134004707, 
-0.013195037841796875, -0.014845430850982666, 0.0026748984146550137, -8.887649503128672e-09, 0.0011165239853185003, -7.960106204609099e-06, -0.00018848141800686968, -8.036933738116154e-11, 1731705929234419738, 
-0.0057849884033203125, 0.022095143795013428, -0.00156699948852597, 5.6575164929444714e-05, 0.000877568200262135, 0.06446811189437512, -9.739472499381247e-05, 7.370877690820203e-07, 1731705929433161559, 
0.6029356718063354, -0.047099530696868896, 0.30027206515436805, 0.003263196877506809, 0.008466598431397871, 0.3854200602458526, -0.0013492908422524964, 3.834670348853873e-06, 1731705929534163964, 
-0.4620671272277832, -0.1532360315322876, -0.08154413597086307, -0.007110580901569843, -0.009669979828243622, 0.7353253086218022, -0.0027085823352794337, -2.5180128120535644e-05, 1731705929633959842, 
0.037364065647125244, 0.003981232643127441, -0.021294620035648207, 0.009454199324385832, 0.010312931438116044, 0.9167324907682035, -0.0013865492018317249, 3.213261074320076e-05, 1731705929734186645, 
0.12066328525543213, 0.2115921974182129, 0.05240942802648513, 0.08841441595721101, 0.09093186464197828, 0.9723149998663384, 0.006149383013866738, 0.001217793817277954, 1731705929834032978, 
0.23389774560928345, 0.1923092007637024, 0.1439227673660891, 0.12092873860504263, 0.12388169696568016, 0.976163077896361, 0.016317607599580248, 0.0043782173634657915, 1731705930033236491, 
-0.05583763122558594, 0.032532572746276855, 0.04260915963180026, 0.09564210928219626, 0.09203656653047323, 1.0391751114545242, 0.02512100819011094, 0.008385730056304275, 1731705930133948312, 
0.8575692176818848, 0.1724645495414734, 0.45033202779668435, 0.15489174467136904, 0.13122376834080657, 1.1803634862023884, 0.03305289513641199, 0.013204950946173102, 1731705930234078496, 
-0.05992996692657471, -0.15125805139541626, 0.1908629248750669, 0.05541770798087839, 0.04058420574559682, 1.3654993848657722, 0.036876893408208225, 0.016844490070087585, 1731705930334021794, 
-0.24102509021759033, -0.4631321430206299, -0.030966072962689023, -0.12934114765909355, -0.10618606396556025, 1.2180614181258596, 0.03377743134927598, 0.014386117249614777, 1731705930434087854, 
0.4283762574195862, 0.8073924779891968, 0.2125059102840955, 0.2870970809517104, 0.25602955953184353, 1.1213434943866427, 0.03931892445593051, 0.01928105809288319, 1731705930535748746, 
-0.16877514123916626, -0.6826393604278564, 0.008847721117961338, -0.07829020123663151, -0.06758738029657979, 1.1583553156386108, 0.043134700197936124, 0.02705543207062089, 1731705930633467839, 
-0.32794487476348877, 0.06301647424697876, -0.154719586497275, 0.05482507582119518, 0.04393201672042253, 1.247952630312754, 0.04323146865353046, 0.02635936946187594, 1731705930734014234, 
-0.36861366033554077, 0.22705388069152832, -0.25765904539829304, 0.13836745381708612, 0.12420054469058464, 1.114064790631916, 0.046989402019917456, 0.03573368319228613, 1731705930834039076, 
0.40616458654403687, 0.5412299633026123, 0.07962821842563073, 0.27378637281244367, 0.26015405505033373, 1.052400942816257, 0.05174204178266429, 0.05507089816685567, 1731705930934089053, 
-0.48916590213775635, 0.43330496549606323, -0.2033761769994919, 0.29263141709833723, 0.28327300401133537, 1.033036727660174, 0.055196627549836876, 0.08264489936378752, 1731705931034156445, 
0.12204331159591675, -0.4798015356063843, -0.05068150352855111, 0.014278125745137519, 0.01469394641587482, 0.9717012258675407, 0.05461713738594559, 0.09659622200957999, 1731705931134069544, 
-0.39895689487457275, 0.31512027978897095, -0.21866031952848072, 0.15392056181274297, 0.15884083407624325, 0.9690238829825172, 0.054293577774477374, 0.10750393114546977, 1731705931234933934, 
-0.18766790628433228, -0.1765960454940796, -0.20600304034185757, 0.06083354608677668, 0.06290574286484207, 0.9670587026924128, 0.05198394280126681, 0.11859887380032091, 1731705931334124061, 
-0.13090336322784424, 0.9703638553619385, -0.15583513290006018, 0.37831633128507774, 0.3800935498822521, 0.9953242600467046, 0.04570023729207323, 0.14480304572998792, 1731705931433103847, 
0.0405697226524353, 0.28831589221954346, -0.06047240651863402, 0.2995318488873877, 0.2960966614479415, 1.0116015743732056, 0.033102271125593226, 0.17565388924652536, 1731705931534054965, 
-0.3173524737358093, 0.16027593612670898, -0.1908276901035192, 0.229560488181178, 0.2300247878387457, 0.9979815233743714, 0.02082182756315897, 0.1990907920112901, 1731705931633961751, 
0.09498631954193115, 0.01821058988571167, -0.05025694984275597, 0.15787769264850104, 0.1600326550617428, 0.9865342332012779, 0.0099845910192281, 0.21520939559569766, 1731705931733971401, 
-0.1126779317855835, 0.37476110458374023, -0.07778948629980265, 0.24880538716407308, 0.2499515397161401, 0.9954145009333863, -0.0034541849345345738, 0.2325229478565756, 1731705931833917548, 
-0.2160245180130005, 0.09269744157791138, -0.14834761297229948, 0.19483718482244855, 0.19921930407222016, 0.9780035410213911, -0.019426947847306204, 0.24868865167333037, 1731705931934469503, 
-0.37753552198410034, 0.07662135362625122, -0.26302979911220614, 0.1731092524866499, 0.17284089162288513, 1.0015526468374758, -0.03438074895471825, 0.2611254269982359, 1731705932033973211, 
0.03811454772949219, 0.15056508779525757, -0.1112374352728687, 0.1885468035304459, 0.19050497439111763, 0.9897211562746309, -0.05048292267465691, 0.27220186777210653, 1731705932134012429, 
0.16414952278137207, 0.6965529918670654, 0.03329537581242403, 0.38610516279998885, 0.36964902734109406, 1.0445182706884546, -0.0765137542911833, 0.28692651626688614, 1731705932235239791, 
0.28919166326522827, 0.5909166932106018, 0.1625487479609258, 0.4302459554479164, 0.4174592166560684, 1.0306299113342672, -0.1127612990280795, 0.30218833264433864, 1731705932332507755, 
-0.021087169647216797, 0.5068939328193665, 0.0700780748017023, 0.4266781964922267, 0.4091980963726339, 1.0427179409546292, -0.15155904776291845, 0.31372856386816383, 1731705932434087579, 
0.12528342008590698, 0.4261288642883301, 0.09639006241523453, 0.39292145526833716, 0.3851660135047229, 1.0201353221512084, -0.19006485830485426, 0.32097571200812525, 1731705932534053511, 
0.7469651699066162, 0.25503093004226685, 0.41851201203740995, 0.3367674303753176, 0.3361841833413215, 1.0017349032551122, -0.223936277393019, 0.32344417771888895, 1731705932635279997, 
0.5542717576026917, 0.5161638855934143, 0.4873767981093857, 0.4171126814233774, 0.4082178575330007, 1.0217894041777866, -0.25889538947923896, 0.322850242638741, 1731705932734175414, 
-0.38829880952835083, -0.27371639013290405, 0.04070881132264553, 0.17821072272719624, 0.19454477490291644, 0.9160396254082313, -0.2861324142936582, 0.3192424749264164, 1731705932834299851, 
-0.06078612804412842, 0.5904552340507507, -0.0035589671419513774, 0.3411115356433245, 0.36597604667454264, 0.932059731074887, -0.3154432200369061, 0.3136215984697359, 1731705933034049025, 
0.08244204521179199, -0.10159790515899658, 0.03441510201312317, 0.20682676991068213, 0.23609019411291177, 0.8760498109115273, -0.3427622178792467, 0.30469933166004753, 1731705933134192933, 
0.07190567255020142, 0.6801499724388123, 0.05954549925859823, 0.38013800089457805, 0.41044254811532466, 0.9261661653746683, -0.37442757860765846, 0.29211200320575553, 1731705933234616268, 
-0.07766848802566528, -0.35604822635650635, -0.017555008974371983, 0.15011426664083555, 0.1856068523822314, 0.8087754558312114, -0.3982774202243093, 0.2790911144870387, 1731705933332507510, 
-0.1272881031036377, 0.36964696645736694, -0.06760180541484813, 0.2607576255786315, 0.3081132656212039, 0.8463044427928279, -0.42092711446544956, 0.26515596072846725, 1731705933434104183, 
0.4600457549095154, -0.14206820726394653, 0.19235478750148766, 0.17568396415639057, 0.21692217210062148, 0.8098939931087258, -0.4400248607579012, 0.25014271845808156, 1731705933534169586, 
0.1001889705657959, 0.6035354733467102, 0.15217520720226485, 0.32924993204122627, 0.39271153570448264, 0.8384014782010083, -0.46451876513111845, 0.2289205782988766, 1731705933634050744, 
0.2316725254058838, 0.6403862833976746, 0.1943085656011716, 0.4182505024500997, 0.474946073791498, 0.8806273501983138, -0.49436863845355183, 0.19740048692732987, 1731705933734197643, 
-0.1181994080543518, 1.1280839443206787, 0.043880916317261126, 0.613433840600171, 0.6388441018351445, 0.9602246288852321, -0.5302937944800472, 0.152581121587814, 1731705933834012107, 
-0.2013586163520813, 1.2401665449142456, -0.07506171544209667, 0.7469486049084093, 0.7311826582224078, 1.0215622546687997, -0.5683520162975955, 0.09415776490713036, 1731705933934155216, 
-0.07816421985626221, 0.483837366104126, -0.08273866963103164, 0.5123740207554264, 0.5653249382003729, 0.9063354296495254, -0.5975894826890771, 0.03694892613313872, 1731705934034074642, 
-0.24487817287445068, 0.28374892473220825, -0.16805365303051228, 0.36930750742997703, 0.4423476271929575, 0.8348807244056506, -0.6162245958743735, -0.010114731671628158, 1731705934134076406, 
-0.35887134075164795, -0.12407118082046509, -0.2688432042830937, 0.20614532353224796, 0.2791264040435766, 0.7385375247411743, -0.6266113675347936, -0.04508407465145612, 1731705934233892937, 
0.18147724866867065, -0.4540666341781616, -0.04881771242080099, 0.08968373476491653, 0.13222955111293222, 0.6782427529253356, -0.630322381599073, -0.06430512472666193, 1731705934333978148, 
-0.4051664471626282, 0.40125852823257446, -0.22031893599599167, 0.20758832492097798, 0.29760593643166644, 0.6975275003247206, -0.6348967694744895, -0.0899748407097879, 1731705934434061096, 
0.062087416648864746, -1.3129409551620483, -0.09200436549941413, -0.03636590674986243, -0.06923888267198386, 0.5252237665668914, -0.6343772634230322, -0.09502111829509777, 1731705934533971522, 
0.4501950144767761, -1.3169043064117432, 0.17542169120666293, -0.1112381796250725, -0.16489378081059153, 0.6746050644132444, -0.6332505628925656, -0.07900310302141267, 1731705934634803848, 
-0.2535576820373535, 0.44046682119369507, -0.026464851388249666, 0.1290230435031798, 0.19503279760471343, 0.6615453661526192, -0.6341672234035296, -0.09077596864022217, 1731705934733021509, 
0.02965646982192993, 1.054052710533142, 0.012470511992509863, 0.373987146843006, 0.5020662379655347, 0.7448960287759462, -0.6303957819942375, -0.13422080543008014, 1731705934834038390, 
-0.25112032890319824, -0.2762773633003235, -0.12663636169681472, 0.17470947322107222, 0.2887356739720172, 0.6050844733443093, -0.6236230055054579, -0.16801866192153064, 1731705934934196355, 
0.6631102561950684, 1.0530283451080322, 0.2762339482648981, 0.3830984451579095, 0.524503963215043, 0.7304014307339786, -0.6130064422176015, -0.21160943413665453, 1731705935034099169, 
-0.9596821069717407, 1.6691310405731201, -0.33168180795840596, 0.750566821465374, 0.7809636683608945, 0.9610777708016583, -0.5910935612139883, -0.27953974066241527, 1731705935133957672, 
-0.4320632219314575, -0.595241129398346, -0.3978648175100863, 0.1899286503492803, 0.3119558555345818, 0.6088318170011904, -0.571382885755114, -0.3242172402821718, 1731705935234079734, 
0.40510690212249756, 0.8065082430839539, 0.009855885397918984, 0.31355529939629495, 0.46844042071504705, 0.6693600413851372, -0.5522155539002753, -0.3620769990596877, 1731705935334767316, 
0.25271010398864746, -0.5599634647369385, 0.12231716715959753, 0.118136107476482, 0.23533642562901796, 0.5019881948182157, -0.5359784433583407, -0.3882966125966911, 1731705935434327568, 
-0.2778881788253784, -0.19262075424194336, -0.07789547059370236, 0.1179691597391471, 0.2285718944284506, 0.5161140219541503, -0.523115923490399, -0.40716121958768087, 1731705935534057483, 
-0.3280339241027832, -0.2764196991920471, -0.20332728227341867, 0.10501356811719642, 0.20056114155362093, 0.5235987754343758, -0.5099315220582713, -0.4244728851547031, 1731705935633998872, 
0.2543439269065857, 0.7919949889183044, 0.03355137332144342, 0.2698816924368641, 0.4267335591679348, 0.6324360637656249, -0.4855026293802036, -0.4542037579799122, 1731705935734117361, 
0.08678668737411499, -0.35762012004852295, 0.05433508623209138, 0.13782977611189826, 0.26642773570540434, 0.5173251791784171, -0.46484509917504957, -0.4754179270583881, 1731705935833970962, 
-0.1331847906112671, 0.00815361738204956, -0.0385425792273692, 0.15406961811696954, 0.289371574789919, 0.5324283085815275, -0.44418761028689385, -0.4949639853808465, 1731705935934162704, 
-0.2717357277870178, 0.34484511613845825, -0.15206853025220607, 0.20820161629750697, 0.36362307508793745, 0.5725753687308105, -0.41708280290637945, -0.5182262753695436, 1731705936032541041, 
-0.4446001648902893, 0.35258787870407104, -0.2963248976412825, 0.23429318863903836, 0.39446334855701676, 0.5939542659567851, -0.3846008981947114, -0.5429642219671165, 1731705936133152708, 
-0.2998092770576477, -0.6868358850479126, -0.304898137786566, 0.07700435620679438, 0.17358633502879742, 0.4436083992096475, -0.36376852635168816, -0.5565344047566199, 1731705936234356004, 
0.05192512273788452, 0.4936734437942505, -0.1201731027450369, 0.17156901765832816, 0.3347028213593491, 0.5126010499747937, -0.33692981421816814, -0.5731500359298606, 1731705936334049006, 
-0.12315791845321655, 0.1869513988494873, -0.12052924909563825, 0.19268140310414392, 0.3547298225282456, 0.5431779085582846, -0.3052289131017979, -0.5901295449788028, 1731705936434948565, 
0.04751628637313843, -0.6529489755630493, -0.04238390898702085, 0.08020666204944538, 0.18183431730068408, 0.4410974960068422, -0.2850537773657536, -0.5991786524830836, 1731705936534089257, 
-0.10112404823303223, 0.36456960439682007, -0.06647057890111346, 0.16309600716131525, 0.3258253874922943, 0.5005626124366152, -0.25711236784090624, -0.6111548403210598, 1731705936634335683, 
0.12174659967422485, -0.033378422260284424, 0.027087850317806056, 0.15406602927333662, 0.31052247858243714, 0.4961509710236174, -0.22756384645300687, -0.6216268083966799, 1731705936734062894, 
-0.21659725904464722, 0.5709725022315979, -0.090489617239613, 0.24074439842405435, 0.4257836120634062, 0.5654148999708414, -0.18848249114056412, -0.6337169552755636, 1731705936834034209, 
0.0199010968208313, -0.1956195831298828, -0.03897729287604709, 0.14948918167178768, 0.31676587024976255, 0.4719232585060976, -0.15504253366185483, -0.641728613873288, 1731705936934097163, 
-0.2620731592178345, 0.14940190315246582, -0.14904359329743663, 0.16876911158831714, 0.3464847088150754, 0.4870896385744745, -0.12069365498393124, -0.6484605800503318, 1731705937034065902, 
0.2537258267402649, -0.574385404586792, 0.047723928845549574, 0.08575412115445413, 0.21604053233028933, 0.3969353353719321, -0.0964757871953641, -0.6516504012436645, 1731705937134003541, 
0.04033845663070679, 0.12704885005950928, 0.046893417918059226, 0.1331624439043564, 0.30225606586831016, 0.4405616923578099, -0.06836645059896464, -0.6546335774633477, 1731705937234771923, 
-0.5247669219970703, 0.5627858638763428, -0.23427119126100482, 0.2154912278563839, 0.41975436566301644, 0.5133745959163715, -0.027223548567734807, -0.6572983092051645, 1731705937333975972, 
-0.4829670786857605, -0.8674963712692261, -0.36603169074074254, 0.056571263757498, 0.17445290758454163, 0.3242781363794868, -0.0028077079418367783, -0.6573535945695682, 1731705937433842675, 
-0.22157663106918335, 0.49625998735427856, -0.28744828637602726, 0.14225558257118034, 0.3243197626620806, 0.4386275489458874, 0.029501454343282735, -0.6567221108164981, 1731705937532815128, 
-0.02363753318786621, 0.9344309568405151, -0.14906908302163033, 0.28735262829155983, 0.49315135455672354, 0.5826864828341616, 0.07777198864096685, -0.6535340693784779, 1731705937634049579, 
0.2867724895477295, 0.522172749042511, 0.06935094687370189, 0.2913836163819674, 0.5098976108710958, 0.5714551513276857, 0.12833195947327758, -0.6471890144696465, 1731705937734033807, 
-0.18213015794754028, -0.5599709153175354, -0.0641684784115612, 0.11204771655108706, 0.28968603383389036, 0.38679019167122375, 0.16164483812801836, -0.6408934245555182, 1731705937832779101, 
-0.15453177690505981, 0.40893250703811646, -0.1056609718630036, 0.17478470367708096, 0.3828143635234626, 0.45657822780823754, 0.19761406500450912, -0.6328152367091306, 1731705937934132861, 
-0.34119611978530884, 0.1121072769165039, -0.2231616782503224, 0.16667193352759244, 0.37120014696501413, 0.4490082638445221, 0.23515881199872365, -0.6225510366243826, 1731705938034021931, 
-0.18236875534057617, 0.1639752984046936, -0.20223453301144467, 0.16922159800401188, 0.3655151452067056, 0.46296740428721206, 0.2716218916881556, -0.6107066212334519, 1731705938134005594, 
-0.4431813359260559, -0.1049889326095581, -0.3235568275960458, 0.12820553727321848, 0.3128685244036161, 0.40977448120612764, 0.3042865193509249, -0.5985573615232836, 1731705938233936916, 
0.27292799949645996, -0.07291585206985474, -0.0251655316198639, 0.12570284351544228, 0.3077820725265599, 0.40841509215776306, 0.33371652825018583, -0.5860016517767735, 1731705938333967765, 
0.452800452709198, 0.42175573110580444, 0.2167851700795283, 0.18603375310847908, 0.4093154711980905, 0.4544996859364913, 0.3683489809871426, -0.5697103384386258, 1731705938434341118, 
-0.21441954374313354, 0.3160439133644104, 0.0018688465401687782, 0.2047837446789443, 0.4341017546077028, 0.47174134291165704, 0.40578136914557206, -0.549954598302214, 1731705938534114202, 
-0.39652490615844727, 0.4279497265815735, -0.1959229381362037, 0.23294379930660247, 0.4590220780562837, 0.5074784208485059, 0.4458100063106133, -0.5263613884127394, 1731705938635258798, 
-0.3674088716506958, 0.4050034284591675, -0.2806722136708435, 0.2291076756817977, 0.462242677187752, 0.4956437105194846, 0.4863958429105503, -0.4997754853409254, 1731705938732445131, 
-0.448777973651886, 0.17579281330108643, -0.36518052150604075, 0.18491810231276654, 0.41646431415436824, 0.4440190816546747, 0.5233379026052212, -0.4728993568485374, 1731705938834358279, 
-0.07389330863952637, 1.3839340209960938, -0.21171007734649924, 0.39348475677465306, 0.6105764496362108, 0.6444479753667149, 0.5690952780974948, -0.4360529073946458, 1731705938934217898, 
-0.31702351570129395, 0.29609113931655884, -0.26727952083898876, 0.27780655520023906, 0.5036978332355632, 0.5515341477959425, 0.6096629121222676, -0.39924176533561456, 1731705939034349945, 
0.13334202766418457, -0.07057309150695801, -0.07051148276549138, 0.17069948678381017, 0.39671045100134, 0.43028734522356604, 0.6405530260600283, -0.3678419537813829, 1731705939134107670, 
-0.4015471935272217, 0.24443382024765015, -0.2349353556204658, 0.17568441444314895, 0.40848725621045034, 0.4300854231610039, 0.6688110655643803, -0.3365302176047231, 1731705939234527938, 
0.34964412450790405, 0.5095006227493286, 0.059388971001856194, 0.22236737163555054, 0.4648553115030254, 0.478358246389755, 0.6976949987187415, -0.3012491044487442, 1731705939334012547, 
-0.0481029748916626, 0.3675870895385742, 0.0057798154952682715, 0.22635090338783403, 0.4705690524249053, 0.4810152776121114, 0.7256336043791841, -0.26377653034396803, 1731705939434870326, 
-0.36511319875717163, 0.32618439197540283, -0.17958838593249685, 0.2180526163058645, 0.45943493076443775, 0.47461044362267873, 0.7520242247333809, -0.22470941599240962, 1731705939534033911, 
-0.3421211838722229, 0.2148262858390808, -0.2611804317550232, 0.19700983417951312, 0.4262341708763504, 0.4622103239035362, 0.7754787216091474, -0.18607020081822764, 1731705939633973970, 
-0.02351522445678711, 0.09927785396575928, -0.1429325958293492, 0.1667585637012883, 0.3936696644437152, 0.4236002383798881, 0.7955174727293858, -0.1493921808517696, 1731705939734004771, 
0.07416915893554688, -0.01673293113708496, -0.035281071966619545, 0.13488567136219343, 0.3633795023362731, 0.37119779870623965, 0.8122607952125493, -0.11540765892479313, 1731705939833739191, 
0.32431697845458984, -0.10037213563919067, 0.1435880495578739, 0.12650681529790453, 0.3466721837315598, 0.36491769814408626, 0.8260124313392562, -0.08409455636401966, 1731705939934295957, 
-0.19967150688171387, 0.2599486708641052, -0.02636006687395065, 0.16472235837027943, 0.3958412617478968, 0.4161323598326334, 0.8402849950180188, -0.04849514068521818, 1731705940033974334, 
-0.058670878410339355, 0.13135534524917603, -0.04241589238473647, 0.15759279224663414, 0.39534539336895463, 0.3986205350812353, 0.8537016357117861, -0.010802931982602244, 1731705940133967554, 
0.1768530011177063, 0.22407746315002441, 0.06760125561822095, 0.17652123622742125, 0.4098853889718853, 0.4306599868567872, 0.8655106029858718, 0.02775914671391819, 1731705940234160203, 
0.16429442167282104, 0.6042813658714294, 0.11812265362461352, 0.24405395310727537, 0.48215280821428225, 0.5061755297271046, 0.8771455269247148, 0.07227277264701773, 1731705940334029838, 
-0.10808014869689941, 1.1388105154037476, 0.010103631363097887, 0.39753988310235117, 0.6305727760759228, 0.6304425090728722, 0.8896434197465787, 0.13105404753745853, 1731705940434135160, 
-0.4254000186920166, 0.11784380674362183, -0.21219701834629015, 0.24569373639813513, 0.4871925207695294, 0.5043052303226195, 0.8974569918313121, 0.1833146508917015, 1731705940532459868, 
0.2686324119567871, 0.11480826139450073, 0.026116207783845324, 0.1913381498657682, 0.4268338800575729, 0.448273107654809, 0.9015864850430284, 0.22789220407668498, 1731705940633931521, 
0.8334594368934631, -0.04123967885971069, 0.4271892313751326, 0.1564917750434648, 0.38729725712004237, 0.40406114984429214, 0.9031197449718871, 0.2652438786758617, 1731705940734090207, 
0.25882571935653687, 0.06435829401016235, 0.3420624611023435, 0.1535641941401444, 0.39668451233223434, 0.38711920774847425, 0.9033090653881729, 0.30173722226062316, 1731705940833158603, 
-0.2657466530799866, -0.718333899974823, 0.03314220850199123, 0.06886108324256418, 0.2646167763363925, 0.2602294691815946, 0.9023986766129168, 0.3296443612797662, 1731705940934072018, 
0.1990194320678711, -0.24529385566711426, 0.11680820083043873, 0.08937494707579652, 0.29442976358335615, 0.30355269110044825, 0.9005646863509534, 0.3575564368236835, 1731705941033948076, 
0.0992136001586914, 0.08419090509414673, 0.10948979104379249, 0.11639755039783146, 0.348738625829396, 0.3337673024346133, 0.8975590651692702, 0.39062936150381705, 1731705941135031369, 
0.18760019540786743, 0.10455143451690674, 0.14897333967569368, 0.13673324115174787, 0.3748805320149542, 0.3647381751642774, 0.8930251574932524, 0.42620888074467506, 1731705941234017540, 
-0.13440030813217163, 0.40243709087371826, 0.009056914227581508, 0.19138394507857903, 0.429745579245321, 0.4453424405544081, 0.8862772092357751, 0.46723007471005434, 1731705941333474329, 
0.12505894899368286, -0.3495149612426758, 0.06306626109539751, 0.10418917258198863, 0.3198146538791612, 0.32577985817171307, 0.8795492757500847, 0.499713865738023, 1731705941434111109, 
-0.08813196420669556, 0.047319650650024414, -0.011488753303924293, 0.12289036611974602, 0.35022413466749724, 0.3508906267593983, 0.871436837611023, 0.5331653320062647, 1731705941532476043, 
-0.33280444145202637, -0.15053445100784302, -0.17251189808080786, 0.10929670246889114, 0.3262835761832652, 0.3349745756357101, 0.8622995723330398, 0.5659298436050673, 1731705941632427384, 
0.47710877656936646, 0.9367808699607849, 0.15754461891966082, 0.2320031537485961, 0.48591536138551766, 0.47745589496712454, 0.8483733779875494, 0.609702851475476, 1731705941733917662, 
-0.11815285682678223, 0.3671639561653137, 0.019093559717970637, 0.21838831899261632, 0.4735498482529906, 0.4611728201334866, 0.8321780855089801, 0.6537556888821645, 1731705941834024827, 
0.23899459838867188, 0.420987606048584, 0.12909044946371012, 0.23330911218675, 0.48456777543910484, 0.48147880237254803, 0.8136734521176705, 0.697334620643957, 1731705941934017591, 
0.30347567796707153, -0.5785436630249023, 0.20942163649822382, 0.09871344083237071, 0.3096305531684007, 0.3188104010481253, 0.799373539743342, 0.7268326670631149, 1731705942034195952, 
-0.10349065065383911, -0.03127819299697876, 0.053770574684954164, 0.11450868986342722, 0.3414018954243869, 0.3354073055777407, 0.7842729907521864, 0.7557874940535285, 1731705942132528850, 
0.022022545337677002, -0.4793049097061157, 0.03574415588994575, 0.07693379283287179, 0.28387089896170414, 0.2710168358724598, 0.7699353448521747, 0.7811132802803818, 1731705942234043504, 
0.4927063584327698, -0.04049944877624512, 0.26496833348706544, 0.10578363289937058, 0.32581340428828404, 0.3246755090707435, 0.7542033750204612, 0.8068288427138841, 1731705942334202520, 
-0.019477367401123047, 0.2490900158882141, 0.12439432237044548, 0.14483594008386783, 0.38949456212238925, 0.3718561288626069, 0.7342924071537705, 0.8375430727200306, 1731705942434029394, 
0.042672693729400635, -0.04393291473388672, 0.08262765977592364, 0.13037242140699246, 0.3722770619823603, 0.35020267086229967, 0.7132702176494787, 0.867458555578736, 1731705942534007814, 
-0.31507307291030884, 0.40755629539489746, -0.11406665244313839, 0.1857310867499812, 0.4269865789072348, 0.4349810882236941, 0.6877850306576517, 0.9010461524213297, 1731705942632812721, 
0.35958337783813477, 0.1779080033302307, 0.1220911801777622, 0.1756386798188021, 0.4143611960837072, 0.42387820452019465, 0.6614746668713247, 0.9327883218053247, 1731705942734037266, 
0.06087905168533325, 0.23545271158218384, 0.09160236545703432, 0.17796641000340369, 0.4279091067992361, 0.41589769223327355, 0.6335471854275871, 0.9638981269315917, 1731705942833248510, 
0.006477415561676025, 0.5196149945259094, 0.05072991340401277, 0.2284575993942932, 0.4815554470407155, 0.4744159801290278, 0.6009626586071836, 0.9971450365320119, 1731705942934193820, 
-0.01757645606994629, 0.2081007957458496, 0.0152951330146597, 0.2034730719207802, 0.4469957571593497, 0.4552013495918799, 0.5680157043465627, 1.0277388569693995, 1731705943034125689, 
-0.1264316439628601, 0.24956655502319336, -0.05570118099623284, 0.19676210765878657, 0.43948199794040216, 0.44771369152979357, 0.534200317712753, 1.0564867950140704, 1731705943134078634, 
0.2025388479232788, 0.8213414549827576, 0.0767326234284221, 0.2895172048932338, 0.5372910051562816, 0.5388461785415932, 0.4935091861115097, 1.0879624020410241, 1731705943234011410, 
0.2798401117324829, 0.2761317491531372, 0.1760194634344397, 0.2449994189146228, 0.4878080206372092, 0.5022455731551673, 0.4536318084603544, 1.115464517851358, 1731705943335394488, 
-0.22822457551956177, 0.29033440351486206, -0.026854026411998216, 0.22588931781608432, 0.46904824581873505, 0.48159079546665623, 0.41372586696997676, 1.140306925650226, 1731705943434085389, 
-0.24088209867477417, 0.1480969786643982, -0.13508120983499433, 0.18511547935642134, 0.42492190094226123, 0.4356458891526398, 0.37491137967306093, 1.161971162214414, 1731705943534016018, 
0.18224775791168213, 0.031953275203704834, 0.022328871056740918, 0.15572112826530832, 0.38851599415103494, 0.4008100840367771, 0.3390989831932369, 1.1797803740682724, 1731705943634026109, 
-0.11289900541305542, 0.22805184125900269, -0.04434799713195235, 0.1738128384619697, 0.41217107194601155, 0.4217007215992506, 0.30179455996898136, 1.1965572330936272, 1731705943733785335, 
-0.36106783151626587, -0.3126928210258484, -0.20539780037760563, 0.10703431148919602, 0.3193319858346656, 0.33518193052108824, 0.2692675811806136, 1.2096418818788932, 1731705943833995784, 
-0.3013908267021179, 0.5041735768318176, -0.24958406579763426, 0.17447141337294692, 0.40387697370041514, 0.431991484373073, 0.2309538499682688, 1.2234676924439225, 1731705943934341539, 
-0.18700945377349854, -0.36484527587890625, -0.22126695662895285, 0.10328272006741576, 0.29570370056692713, 0.34927773940400725, 0.19918223141067498, 1.2334053612712663, 1731705944033997689, 
-0.190568745136261, -0.44537127017974854, -0.20678467732241512, 0.0740551500396564, 0.2508436038783839, 0.2952243903957003, 0.17232624431115087, 1.2408630049819274, 1731705944133994489, 
-0.4315459132194519, 0.008605480194091797, -0.31645814424678403, 0.10369722951772305, 0.30018001995982685, 0.34545013865879837, 0.1414887589251565, 1.2484459415734797, 1731705944234799980, 
-0.8889725208282471, -0.5703954696655273, -0.6036396093609254, 0.06495061548464624, 0.21990270277865745, 0.2953606966351029, 0.11454040135621277, 1.2541354188344171, 1731705944333457618, 
0.023106038570404053, 0.3402293920516968, -0.2854867833647055, 0.12449986372182713, 0.3236916549720208, 0.3846248792931922, 0.08033139407448625, 1.2602602452845133, 1731705944434968459, 
-0.16296333074569702, 0.4363195300102234, -0.22077171236693222, 0.17969648932582852, 0.4015180339868465, 0.4475427605120105, 0.03915962651546197, 1.2660444843930792, 1731705944534044711, 
0.3791188597679138, 0.1406116485595703, 0.07888840145741455, 0.1658970209413969, 0.3946553798437199, 0.4203592030269312, -0.0005614016868093066, 1.269736647166569, 1731705944633918777, 
0.1137043833732605, -0.5507721900939941, 0.09211224790234987, 0.08675952282571589, 0.2843347154849061, 0.30513165681424337, -0.03003611262308742, 1.2711949387596828, 1731705944734022230, 
0.3287968039512634, 0.4955058693885803, 0.2139591717235919, 0.16180953602857334, 0.402531937307958, 0.4019793736385706, -0.06678675507910706, 1.2718525491142587, 1731705944834605785, 
-0.3736112713813782, -0.18476426601409912, -0.08173521224535812, 0.11946230329689807, 0.3460435226427006, 0.34522334758522893, -0.1020511558261333, 1.2712004098063212, 1731705944935024632, 
0.2098638415336609, -0.32068008184432983, 0.06261263097194575, 0.09807877886115778, 0.30697374348611456, 0.3195021754868563, -0.13311051757383432, 1.2693814673736488, 1731705945034161017, 
0.14666414260864258, -0.6037973165512085, 0.10273416865101856, 0.0666474997839603, 0.26178605263852733, 0.25458766466824256, -0.15920805177783057, 1.2671001468824996, 1731705945133910490, 
0.19042539596557617, -0.08228909969329834, 0.148006268750525, 0.09697848772249569, 0.3166346843359606, 0.3062787891537431, -0.1887044444354442, 1.2636637138285955, 1731705945234026697, 
-0.3580685257911682, 1.0640313625335693, -0.09893434592840575, 0.24165386788166227, 0.4904752139706139, 0.4926933329114988, -0.23529108266362264, 1.2568747031894807, 1731705945334050587, 
-0.2919832468032837, 0.5252503156661987, -0.1943806925135073, 0.2602185453682382, 0.5048250563767632, 0.5154628164376032, -0.28613826710712575, 1.2470452710443154, 1731705945434055439, 
-0.11638027429580688, 0.7528508901596069, -0.15297828099462257, 0.3168507810387638, 0.5570590988407162, 0.568792039656394, -0.3408052836493185, 1.2335406378987677, 1731705945533956654, 
0.3915786147117615, 0.2675485610961914, 0.11695105611233758, 0.24910106714697472, 0.4969798050341554, 0.5012297574744612, -0.38937516115211435, 1.2185186753715713, 1731705945634034145, 
-0.18639671802520752, 0.9641128778457642, -0.03093429673775533, 0.3577060666158777, 0.6020825574633093, 0.594114647869825, -0.4434005468583209, 1.1988680685647917, 1731705945734024825, 
0.07125264406204224, 0.22118031978607178, 0.01649395118848545, 0.26194170498016767, 0.49983793216561023, 0.5240532743188828, -0.49127218640846226, 1.1780200161253194, 1731705945834396481, 
0.023684203624725342, 0.42403751611709595, 0.020010543629313392, 0.246789919059222, 0.501116632668833, 0.49247999960583055, -0.5364277938197003, 1.1557170171494182, 1731705945934050176, 
-0.19662028551101685, 0.4496058225631714, -0.08822781836777219, 0.2495030111343615, 0.4965899920519513, 0.5024326207288113, -0.5800398171192074, 1.1312134900985045, 1731705946034068201, 
-0.22722136974334717, -0.48031085729599, -0.16367315927978615, 0.10988929248729774, 0.31664820094626966, 0.3470390552003934, -0.6115354001795815, 1.1113734804015591, 1731705946134164056, 
-0.46473902463912964, -0.2838442921638489, -0.31438259943947544, 0.08436583963960566, 0.28582067213661455, 0.29517053125982806, -0.637976903292155, 1.0935592210176264, 1731705946234029102, 
0.10137677192687988, -0.43776488304138184, -0.10687750708792176, 0.07761871914287635, 0.2592957034768062, 0.2993444091132782, -0.6603653935362371, 1.0770825900474335, 1731705946333897988, 
-0.3167116641998291, -0.07743865251541138, -0.21000063094270166, 0.1067372434030976, 0.29223719629337663, 0.3652418130098134, -0.6840709337856827, 1.0586370141188313, 1731705946434175853, 
0.20584440231323242, 0.05276191234588623, -0.0005673028482784392, 0.12022051592084784, 0.33229177635423657, 0.36179202880027905, -0.7099684516461097, 1.037136805761402, 1731705946534002368, 
-0.1547226905822754, -0.19888180494308472, -0.07804493141049801, 0.10796737228531057, 0.31481538707271794, 0.3429545591441235, -0.7339345943758541, 1.0156386913448936, 1731705946634157421, 
0.12668371200561523, 0.5039230585098267, 0.027681734307003297, 0.1760845537695028, 0.41250185083134794, 0.4268697301954537, -0.7628000469567741, 0.9878734872385567, 1731705946733123847, 
-0.1885119080543518, 0.8537342548370361, -0.07617242815848885, 0.28433052530321046, 0.5301637604871676, 0.5363069800205489, -0.7986311382657351, 0.9504511584406148, 1731705946834489858, 
-0.09419703483581543, 0.12831372022628784, -0.08769129652173663, 0.20766200909774465, 0.450202581339735, 0.46126347938693246, -0.8293275237599369, 0.9147934832383834, 1731705946934081005, 
-0.262351930141449, 0.11916506290435791, -0.17589686876660884, 0.17642846684498, 0.4105880265570622, 0.42969705747242615, -0.8559166124968641, 0.880833217113206, 1731705947034112902, 
0.0022941231727600098, 0.12714070081710815, -0.08708311050271628, 0.16456595544658073, 0.39200345249117274, 0.4198074134316112, -0.8794529182051797, 0.8478023394984738, 1731705947232445586, 
0.013469338417053223, 0.4028780460357666, -0.03507634620617443, 0.19799709067934337, 0.4366042976428047, 0.4534932242955818, -0.9031277141517051, 0.8115472592374342, 1731705947534064495, 
-0.07999294996261597, 0.40307289361953735, -0.05684354524061893, 0.2168012302646727, 0.45075397058585503, 0.48097464340223406, -0.9260114061310571, 0.7726732996498805, 1731705947632731082, 
0.1440088152885437, -0.6171951293945312, 0.037393140298133475, 0.08811489548281932, 0.27723559834524863, 0.31783398672015983, -0.9404617676734516, 0.7450992727715436, 1731705947734100389, 
0.24121397733688354, -0.005376279354095459, 0.14061952053625063, 0.11094458014021794, 0.32634812199009594, 0.33995777105646985, -0.9539455820783418, 0.7172784192351526, 1731705947833907170, 
-0.3605390191078186, -0.19608962535858154, -0.11012575193980281, 0.10506269559979114, 0.3163688578610467, 0.3320892464261955, -0.9669515686941238, 0.6880544737922578, 1731705947934100180, 
0.43961137533187866, -0.08197462558746338, 0.1648205122178665, 0.10993293151624109, 0.328830365831241, 0.33431502360904153, -0.9789236521051644, 0.6582222527989348, 1731705948033993535, 
0.27767413854599, 0.42189741134643555, 0.22354347536667374, 0.1668994921582198, 0.41630634675209405, 0.4009054713201542, -0.992162031551649, 0.6219094192079418, 1731705948134094459, 
0.36994290351867676, 0.1888907551765442, 0.29626388126636427, 0.18065566676973357, 0.42968117915411247, 0.4204411911300829, -1.0043319198768337, 0.5835556206241511, 1731705948234428057, 
-0.06866121292114258, 0.029839038848876953, 0.11213910449236736, 0.1557031135475661, 0.39698394498814743, 0.3922151399654585, -1.0145364260903875, 0.5463672963855672, 1731705948333912453, 
0.3343934416770935, -0.023023664951324463, 0.22209475331916126, 0.14365267403669865, 0.38281435190268914, 0.3752541494923235, -1.0228186484327668, 0.5104371220932298, 1731705948434337902, 
-0.3067816495895386, 0.9491079449653625, -0.0374462444432129, 0.27088592110422677, 0.5245791698576617, 0.5163871092665163, -1.032252391061928, 0.4618280781677248, 1731705948534019374, 
-0.3197796940803528, 0.5499181747436523, -0.17811733662610038, 0.27761577795801307, 0.5242006976965826, 0.5295982610818698, -1.039840783806432, 0.4088729475650538, 1731705948634761340, 
-0.1514415740966797, 0.7265172004699707, -0.16300380535686954, 0.3310382422993537, 0.5566553323459925, 0.5946915857326143, -1.0447430006555094, 0.35294216705678033, 1731705948734126771, 
-0.1470608115196228, -0.06950634717941284, -0.1594610906004335, 0.18638681011318328, 0.4191096242603618, 0.4447209019409083, -1.0463279366598015, 0.30619053724097445, 1731705948834155614, 
0.5955722332000732, -0.0137442946434021, 0.21623008070449967, 0.14906680153586338, 0.38211068667444725, 0.39011419134389747, -1.0455863502505764, 0.2674947920951737, 1731705948934146151, 
0.2294604778289795, 0.09554743766784668, 0.2224164064697656, 0.15275571697781612, 0.39179069678602346, 0.38989112868405773, -1.0434048860979155, 0.23041722255125527, 1731705949034997697, 
0.03721219301223755, -0.608494758605957, 0.1251807601245577, 0.07345042376827594, 0.2750053764756719, 0.26708722829196635, -1.0406485095720686, 0.2019448184555303, 1731705949133969781, 
-0.10490566492080688, -0.3985558748245239, 0.01049292670389465, 0.07947486159903391, 0.2888733034275846, 0.275120132791907, -1.037145648658694, 0.17394942327215884, 1731705949234066213, 
-0.06635940074920654, 0.05261719226837158, -0.02630301429306702, 0.11405571293312841, 0.3339694447311694, 0.34151541325865364, -1.0321039095750042, 0.1416397071027551, 1731705949334423257, 
-0.23300385475158691, 0.5569503307342529, -0.12618058965874712, 0.1856492219842805, 0.4251640080021626, 0.4366531938031222, -1.024313747342603, 0.10014841319528625, 1731705949435049848, 
0.30386728048324585, 1.188515067100525, 0.09449360450757391, 0.35840697403466215, 0.5935971420825608, 0.6037882405855871, -1.0113024260458656, 0.04457889311899819, 1731705949534027596, 
-0.2939278483390808, 0.3323591351509094, -0.102016841089213, 0.2716295682605216, 0.5228543141016915, 0.5195129138930497, -0.9961897771027615, -0.007098556797787648, 1731705949634509470, 
-0.18613743782043457, 0.3281940817832947, -0.14487698521926787, 0.2356693095633273, 0.48804908875980185, 0.482880339275286, -0.9793166690232268, -0.05502162442501249, 1731705949734073519, 
0.13362950086593628, 0.11111754179000854, -0.0076291573995874995, 0.19322511748106602, 0.42764921119585053, 0.4518308754522049, -0.9623127541987957, -0.09606321767898583, 1731705949833185461, 
0.40866005420684814, -0.1405887007713318, 0.1977182340563047, 0.13329375632514626, 0.3653103352770007, 0.3648781418244703, -0.9465781941356795, -0.12985150897361575, 1731705949932493461, 
-0.28479868173599243, -0.6218969225883484, -0.04699868292982126, 0.07369784712339143, 0.2691018949187414, 0.2738659538077403, -0.9334972157797472, -0.1554284630723022, 1731705950034025737, 
0.23963117599487305, -0.2119385004043579, 0.09697776052228443, 0.09242399548672618, 0.2936871003429797, 0.31470226434456844, -0.9197344229137676, -0.18018836454017378, 1731705950134044935, 
-0.020299792289733887, 0.2758626937866211, 0.04089562593898547, 0.14018605571441403, 0.37347052681142434, 0.37536042512184065, -0.9015952764327627, -0.21095383569560708, 1731705950233992744, 
